[
  {
    "name":"Treasure Chest",
    "states":[
      {
        "trigger":1,
        "sameAppearanceAsPrevState":true,
        "sprite":{
          "name":"sys/!$chest-opengameart-Blarumyrran.png",
          "spriteIndex":0,
          "dir":0,
          "step":1
        },
        "height":1,
        "affixDirection":true,
        "cmds":[
          {
            "jsonClass":"AddRemoveItem",
            "add":true,
            "itemId":{
              "jsonClass":"IntParameter",
              "valueTypeId":1,
              "constant":0,
              "localVariable":"itemId"
            },
            "quantity":{
              "jsonClass":"IntParameter",
              "valueTypeId":0,
              "constant":1,
              "localVariable":""
            }
          },
          {
            "jsonClass":"ShowText",
            "lines":[
              "Received \\J[getItemName(itemId)]."
            ]
          }
        ],
        "runOnceThenIncrementState":true
      },
      {
        "trigger":1,
        "sameAppearanceAsPrevState":false,
        "sprite":{
          "name":"sys/!$chest-opengameart-Blarumyrran.png",
          "spriteIndex":0,
          "dir":3,
          "step":1
        },
        "height":1,
        "affixDirection":true,
        "cmds":[
          {
            "jsonClass":"ShowText",
            "lines":[
              "It's empty."
            ]
          }
        ],
        "runOnceThenIncrementState":false
      }
    ]
  },
  {
    "name":"",
    "states":[
      {
        "trigger":1,
        "sameAppearanceAsPrevState":true,
        "height":0,
        "affixDirection":false,
        "cmds":[
          
        ],
        "runOnceThenIncrementState":false
      }
    ]
  }
]