[
  {
    "name":"Damaged Sword",
    "desc":"A beginner sword.",
    "effects":[
      
    ],
    "sellable":true,
    "price":100,
    "itemTypeId":2,
    "accessId":0,
    "scopeId":4,
    "equipType":0,
    "useOnAttack":true,
    "onUseSkillId":0
  },
  {
    "name":"Damaged Glove",
    "desc":"A beginner glove",
    "effects":[
      
    ],
    "sellable":true,
    "price":100,
    "itemTypeId":2,
    "accessId":0,
    "scopeId":4,
    "equipType":5,
    "useOnAttack":false,
    "onUseSkillId":3
  },
  {
    "name":"Damaged Pant",
    "desc":"A beginner pant",
    "effects":[
      
    ],
    "sellable":true,
    "price":100,
    "itemTypeId":2,
    "accessId":0,
    "scopeId":4,
    "equipType":7,
    "useOnAttack":false,
    "onUseSkillId":3
  },
  {
    "name":"Damaged Helmet",
    "desc":"A beginner helmet",
    "effects":[
      
    ],
    "sellable":true,
    "price":100,
    "itemTypeId":2,
    "accessId":0,
    "scopeId":4,
    "equipType":3,
    "useOnAttack":false,
    "onUseSkillId":3
  },
  {
    "name":"Damaged Legging",
    "desc":"A beginner legging",
    "effects":[
      
    ],
    "sellable":true,
    "price":100,
    "itemTypeId":2,
    "accessId":0,
    "scopeId":4,
    "equipType":8,
    "useOnAttack":false,
    "onUseSkillId":3
  },
  {
    "name":"Damaged Chestplate",
    "desc":"A beginner chestplate",
    "effects":[
      
    ],
    "sellable":true,
    "price":100,
    "itemTypeId":2,
    "accessId":0,
    "scopeId":4,
    "equipType":2,
    "useOnAttack":false,
    "onUseSkillId":0
  },
  {
    "name":"Damaged Shield",
    "desc":"A beginner shield",
    "effects":[
      
    ],
    "sellable":true,
    "price":100,
    "itemTypeId":2,
    "accessId":0,
    "scopeId":4,
    "equipType":1,
    "useOnAttack":false,
    "onUseSkillId":0
  },
  {
    "name":"Damaged Staff",
    "desc":"A beginner staff",
    "effects":[
      
    ],
    "sellable":true,
    "price":100,
    "itemTypeId":2,
    "accessId":0,
    "scopeId":4,
    "equipType":0,
    "useOnAttack":false,
    "onUseSkillId":0
  },
  {
    "name":"Damaged Bow",
    "desc":"A beginner bow",
    "effects":[
      
    ],
    "sellable":true,
    "price":100,
    "itemTypeId":2,
    "accessId":0,
    "scopeId":4,
    "equipType":0,
    "useOnAttack":false,
    "onUseSkillId":0
  },
  {
    "name":"Damaged Dagger",
    "desc":"A beginner dagger",
    "effects":[
      
    ],
    "sellable":true,
    "price":100,
    "itemTypeId":2,
    "accessId":0,
    "scopeId":4,
    "equipType":0,
    "useOnAttack":false,
    "onUseSkillId":0
  },
  {
    "name":"Weak Ice Bomb",
    "desc":"A bomb that does 100 ice damage",
    "effects":[
      {
        "keyId":601,
        "v1":74,
        "v2":0
      }
    ],
    "sellable":true,
    "price":10,
    "itemTypeId":0,
    "accessId":2,
    "scopeId":2,
    "equipType":0,
    "useOnAttack":false,
    "onUseSkillId":0
  },
  {
    "name":"Weak Fire Bomb",
    "desc":"A bomb that does 100 fire damage",
    "effects":[
      {
        "keyId":601,
        "v1":73,
        "v2":0
      }
    ],
    "sellable":true,
    "price":10,
    "itemTypeId":0,
    "accessId":2,
    "scopeId":2,
    "equipType":0,
    "useOnAttack":false,
    "onUseSkillId":0
  },
  {
    "name":"Weak Earth Bomb",
    "desc":"A bomb that does 100 earth damage",
    "effects":[
      {
        "keyId":601,
        "v1":76,
        "v2":0
      }
    ],
    "sellable":true,
    "price":10,
    "itemTypeId":0,
    "accessId":2,
    "scopeId":2,
    "equipType":0,
    "useOnAttack":false,
    "onUseSkillId":0
  },
  {
    "name":"Weak Wind Bomb",
    "desc":"A bomb that does 100 wind damage",
    "effects":[
      {
        "keyId":601,
        "v1":75,
        "v2":0
      }
    ],
    "sellable":true,
    "price":10,
    "itemTypeId":0,
    "accessId":2,
    "scopeId":2,
    "equipType":0,
    "useOnAttack":false,
    "onUseSkillId":0
  },
  {
    "name":"Rein Fire Sword",
    "desc":"A sword with the power of fire",
    "effects":[
      
    ],
    "sellable":true,
    "price":100,
    "itemTypeId":2,
    "accessId":0,
    "scopeId":4,
    "equipType":0,
    "useOnAttack":true,
    "onUseSkillId":77
  },
  {
    "name":"Rein Ice Sword",
    "desc":"A sword with the power of ice",
    "effects":[
      
    ],
    "sellable":true,
    "price":1000,
    "itemTypeId":2,
    "accessId":0,
    "scopeId":4,
    "equipType":0,
    "useOnAttack":true,
    "onUseSkillId":78
  },
  {
    "name":"Rein Earth Sword",
    "desc":"",
    "effects":[
      
    ],
    "sellable":true,
    "price":1000,
    "itemTypeId":2,
    "accessId":0,
    "scopeId":4,
    "equipType":0,
    "useOnAttack":true,
    "onUseSkillId":79
  },
  {
    "name":"Rein Wind Sword",
    "desc":"",
    "effects":[
      
    ],
    "sellable":true,
    "price":1000,
    "itemTypeId":2,
    "accessId":0,
    "scopeId":4,
    "equipType":0,
    "useOnAttack":true,
    "onUseSkillId":80
  },
  {
    "name":"Minor Health Potion",
    "desc":"A potion that heal 100 hp",
    "effects":[
      {
        "keyId":100,
        "v1":100,
        "v2":0
      }
    ],
    "sellable":true,
    "price":20,
    "itemTypeId":0,
    "accessId":0,
    "scopeId":4,
    "equipType":0,
    "useOnAttack":false,
    "onUseSkillId":0
  },
  {
    "name":"Health Potion",
    "desc":"A Potion that heal 250 hp",
    "effects":[
      {
        "keyId":100,
        "v1":250,
        "v2":0
      }
    ],
    "sellable":true,
    "price":100,
    "itemTypeId":0,
    "accessId":0,
    "scopeId":4,
    "equipType":0,
    "useOnAttack":false,
    "onUseSkillId":0
  },
  {
    "name":"Orb of Fire",
    "desc":"A orb that drain a user mp in exchange for casting fire",
    "effects":[
      {
        "keyId":601,
        "v1":0,
        "v2":0
      }
    ],
    "sellable":true,
    "price":1000,
    "itemTypeId":1,
    "accessId":2,
    "scopeId":2,
    "equipType":0,
    "useOnAttack":true,
    "onUseSkillId":1
  },
  {
    "name":"Orb of Ice",
    "desc":"A orb that drain a user mp in exchange for casting fire",
    "effects":[
      {
        "keyId":601,
        "v1":23,
        "v2":0
      }
    ],
    "sellable":true,
    "price":1000,
    "itemTypeId":1,
    "accessId":2,
    "scopeId":2,
    "equipType":0,
    "useOnAttack":true,
    "onUseSkillId":1
  },
  {
    "name":"Orb of Earth",
    "desc":"A orb that drain a user mp in exchange for casting earth",
    "effects":[
      {
        "keyId":601,
        "v1":39,
        "v2":0
      }
    ],
    "sellable":true,
    "price":1000,
    "itemTypeId":1,
    "accessId":2,
    "scopeId":2,
    "equipType":0,
    "useOnAttack":true,
    "onUseSkillId":1
  },
  {
    "name":"Orb of Wind",
    "desc":"A orb that drain a user mp in exchange for casting wind",
    "effects":[
      {
        "keyId":601,
        "v1":38,
        "v2":0
      }
    ],
    "sellable":true,
    "price":1000,
    "itemTypeId":1,
    "accessId":2,
    "scopeId":2,
    "equipType":0,
    "useOnAttack":true,
    "onUseSkillId":5
  },
  {
    "name":"Minor Strenght Potion",
    "desc":"A potion that temproary boost Attack",
    "effects":[
      {
        "keyId":200,
        "v1":0,
        "v2":100
      }
    ],
    "sellable":true,
    "price":50,
    "itemTypeId":0,
    "accessId":2,
    "scopeId":4,
    "equipType":0,
    "useOnAttack":true,
    "onUseSkillId":5
  },
  {
    "name":"Minor Magic Potion",
    "desc":"A potion that temproary boost Magic",
    "effects":[
      {
        "keyId":200,
        "v1":1,
        "v2":100
      }
    ],
    "sellable":true,
    "price":50,
    "itemTypeId":0,
    "accessId":2,
    "scopeId":4,
    "equipType":0,
    "useOnAttack":true,
    "onUseSkillId":39
  },
  {
    "name":"Minor Body Potion",
    "desc":"A potion that temproary boost Armor and Mag Res",
    "effects":[
      {
        "keyId":200,
        "v1":2,
        "v2":100
      }
    ],
    "sellable":true,
    "price":50,
    "itemTypeId":0,
    "accessId":2,
    "scopeId":4,
    "equipType":0,
    "useOnAttack":false,
    "onUseSkillId":0
  },
  {
    "name":"Small Key",
    "desc":"A small key?",
    "effects":[
      
    ],
    "sellable":false,
    "price":100,
    "itemTypeId":3,
    "accessId":3,
    "scopeId":0,
    "equipType":0,
    "useOnAttack":false,
    "onUseSkillId":0
  },
  {
    "name":"Rein Fire Armor",
    "desc":"A chestplate that resist 50 fire damage",
    "effects":[
      {
        "keyId":400,
        "v1":4,
        "v2":50
      }
    ],
    "sellable":true,
    "price":1000,
    "itemTypeId":2,
    "accessId":3,
    "scopeId":0,
    "equipType":2,
    "useOnAttack":false,
    "onUseSkillId":56
  },
  {
    "name":"Rein Ice Armor",
    "desc":"A chestplate that resist 50 ice damage",
    "effects":[
      {
        "keyId":400,
        "v1":5,
        "v2":50
      }
    ],
    "sellable":true,
    "price":1000,
    "itemTypeId":2,
    "accessId":0,
    "scopeId":4,
    "equipType":2,
    "useOnAttack":false,
    "onUseSkillId":23
  },
  {
    "name":"Rein Earth Armor",
    "desc":"A chestplate that resist 50 earth damage",
    "effects":[
      {
        "keyId":400,
        "v1":7,
        "v2":50
      }
    ],
    "sellable":true,
    "price":1000,
    "itemTypeId":2,
    "accessId":0,
    "scopeId":4,
    "equipType":2,
    "useOnAttack":false,
    "onUseSkillId":0
  },
  {
    "name":"Rein Wind Armor",
    "desc":"A chestplate that resist 50 wind damage",
    "effects":[
      {
        "keyId":400,
        "v1":13,
        "v2":50
      }
    ],
    "sellable":true,
    "price":1000,
    "itemTypeId":2,
    "accessId":0,
    "scopeId":4,
    "equipType":2,
    "useOnAttack":false,
    "onUseSkillId":0
  },
  {
    "name":"",
    "desc":"",
    "effects":[
      
    ],
    "sellable":true,
    "price":100,
    "itemTypeId":0,
    "accessId":0,
    "scopeId":4,
    "equipType":0,
    "useOnAttack":false,
    "onUseSkillId":0
  },
  {
    "name":"",
    "desc":"",
    "effects":[
      
    ],
    "sellable":true,
    "price":100,
    "itemTypeId":0,
    "accessId":0,
    "scopeId":4,
    "equipType":0,
    "useOnAttack":false,
    "onUseSkillId":0
  },
  {
    "name":"",
    "desc":"",
    "effects":[
      
    ],
    "sellable":true,
    "price":100,
    "itemTypeId":0,
    "accessId":0,
    "scopeId":4,
    "equipType":0,
    "useOnAttack":false,
    "onUseSkillId":0
  }
]