<launch4jConfig>
  <dontWrapJar>false</dontWrapJar>
  <headerType>console</headerType>
  <jar>../../desktop/build/libs/desktop-1.0.jar</jar>
  <outfile>target/rpgboss-editor.exe</outfile>
  <errTitle></errTitle>
  <cmdLine></cmdLine>
  <chdir></chdir>
  <priority>normal</priority>
  <downloadUrl>http://java.com/download</downloadUrl>
  <supportUrl></supportUrl>
  <stayAlive>true</stayAlive>
  <manifest></manifest>
  <icon>icon.ico</icon>
  <jre>
    <path></path>
    <bundledJre64Bit>false</bundledJre64Bit>
    <minVersion>1.6.0</minVersion>
    <maxVersion></maxVersion>
    <jdkPreference>preferJre</jdkPreference>
  </jre>
</launch4jConfig>
